Mutation Type,EQUIPROB_1,EQUIPROB_2,EQUIPROB_3,EQUIPROB_4,EQUIPROB_5,EQUIPROB_6,EQUIPROB_7,EQUIPROB_8,EQUIPROB_9,EQUIPROB_10
A[C>A]A,50,50,50,50,50,50,50,50,50,50
A[C>A]C,50,50,50,50,50,50,50,50,50,50
A[C>A]G,50,50,50,50,50,50,50,50,50,50
A[C>A]T,50,50,50,50,50,50,50,50,50,50
C[C>A]A,50,50,50,50,50,50,50,50,50,50
C[C>A]C,50,50,50,50,50,50,50,50,50,50
C[C>A]G,50,50,50,50,50,50,50,50,50,50
C[C>A]T,50,50,50,50,50,50,50,50,50,50
G[C>A]A,50,50,50,50,50,50,50,50,50,50
G[C>A]C,50,50,50,50,50,50,50,50,50,50
G[C>A]G,50,50,50,50,50,50,50,50,50,50
G[C>A]T,50,50,50,50,50,50,50,50,50,50
T[C>A]A,50,50,50,50,50,50,50,50,50,50
T[C>A]C,50,50,50,50,50,50,50,50,50,50
T[C>A]G,50,50,50,50,50,50,50,50,50,50
T[C>A]T,50,50,50,50,50,50,50,50,50,50
A[C>G]A,50,50,50,50,50,50,50,50,50,50
A[C>G]C,50,50,50,50,50,50,50,50,50,50
A[C>G]G,50,50,50,50,50,50,50,50,50,50
A[C>G]T,50,50,50,50,50,50,50,50,50,50
C[C>G]A,50,50,50,50,50,50,50,50,50,50
C[C>G]C,50,50,50,50,50,50,50,50,50,50
C[C>G]G,50,50,50,50,50,50,50,50,50,50
C[C>G]T,50,50,50,50,50,50,50,50,50,50
G[C>G]A,50,50,50,50,50,50,50,50,50,50
G[C>G]C,50,50,50,50,50,50,50,50,50,50
G[C>G]G,50,50,50,50,50,50,50,50,50,50
G[C>G]T,50,50,50,50,50,50,50,50,50,50
T[C>G]A,50,50,50,50,50,50,50,50,50,50
T[C>G]C,50,50,50,50,50,50,50,50,50,50
T[C>G]G,50,50,50,50,50,50,50,50,50,50
T[C>G]T,50,50,50,50,50,50,50,50,50,50
A[C>T]A,50,50,50,50,50,50,50,50,50,50
A[C>T]C,50,50,50,50,50,50,50,50,50,50
A[C>T]G,50,50,50,50,50,50,50,50,50,50
A[C>T]T,50,50,50,50,50,50,50,50,50,50
C[C>T]A,50,50,50,50,50,50,50,50,50,50
C[C>T]C,50,50,50,50,50,50,50,50,50,50
C[C>T]G,50,50,50,50,50,50,50,50,50,50
C[C>T]T,50,50,50,50,50,50,50,50,50,50
G[C>T]A,50,50,50,50,50,50,50,50,50,50
G[C>T]C,50,50,50,50,50,50,50,50,50,50
G[C>T]G,50,50,50,50,50,50,50,50,50,50
G[C>T]T,50,50,50,50,50,50,50,50,50,50
T[C>T]A,50,50,50,50,50,50,50,50,50,50
T[C>T]C,50,50,50,50,50,50,50,50,50,50
T[C>T]G,50,50,50,50,50,50,50,50,50,50
T[C>T]T,50,50,50,50,50,50,50,50,50,50
A[T>A]A,50,50,50,50,50,50,50,50,50,50
A[T>A]C,50,50,50,50,50,50,50,50,50,50
A[T>A]G,50,50,50,50,50,50,50,50,50,50
A[T>A]T,50,50,50,50,50,50,50,50,50,50
C[T>A]A,50,50,50,50,50,50,50,50,50,50
C[T>A]C,50,50,50,50,50,50,50,50,50,50
C[T>A]G,50,50,50,50,50,50,50,50,50,50
C[T>A]T,50,50,50,50,50,50,50,50,50,50
G[T>A]A,50,50,50,50,50,50,50,50,50,50
G[T>A]C,50,50,50,50,50,50,50,50,50,50
G[T>A]G,50,50,50,50,50,50,50,50,50,50
G[T>A]T,50,50,50,50,50,50,50,50,50,50
T[T>A]A,50,50,50,50,50,50,50,50,50,50
T[T>A]C,50,50,50,50,50,50,50,50,50,50
T[T>A]G,50,50,50,50,50,50,50,50,50,50
T[T>A]T,50,50,50,50,50,50,50,50,50,50
A[T>C]A,50,50,50,50,50,50,50,50,50,50
A[T>C]C,50,50,50,50,50,50,50,50,50,50
A[T>C]G,50,50,50,50,50,50,50,50,50,50
A[T>C]T,50,50,50,50,50,50,50,50,50,50
C[T>C]A,50,50,50,50,50,50,50,50,50,50
C[T>C]C,50,50,50,50,50,50,50,50,50,50
C[T>C]G,50,50,50,50,50,50,50,50,50,50
C[T>C]T,50,50,50,50,50,50,50,50,50,50
G[T>C]A,50,50,50,50,50,50,50,50,50,50
G[T>C]C,50,50,50,50,50,50,50,50,50,50
G[T>C]G,50,50,50,50,50,50,50,50,50,50
G[T>C]T,50,50,50,50,50,50,50,50,50,50
T[T>C]A,50,50,50,50,50,50,50,50,50,50
T[T>C]C,50,50,50,50,50,50,50,50,50,50
T[T>C]G,50,50,50,50,50,50,50,50,50,50
T[T>C]T,50,50,50,50,50,50,50,50,50,50
A[T>G]A,50,50,50,50,50,50,50,50,50,50
A[T>G]C,50,50,50,50,50,50,50,50,50,50
A[T>G]G,50,50,50,50,50,50,50,50,50,50
A[T>G]T,50,50,50,50,50,50,50,50,50,50
C[T>G]A,50,50,50,50,50,50,50,50,50,50
C[T>G]C,50,50,50,50,50,50,50,50,50,50
C[T>G]G,50,50,50,50,50,50,50,50,50,50
C[T>G]T,50,50,50,50,50,50,50,50,50,50
G[T>G]A,50,50,50,50,50,50,50,50,50,50
G[T>G]C,50,50,50,50,50,50,50,50,50,50
G[T>G]G,50,50,50,50,50,50,50,50,50,50
G[T>G]T,50,50,50,50,50,50,50,50,50,50
T[T>G]A,50,50,50,50,50,50,50,50,50,50
T[T>G]C,50,50,50,50,50,50,50,50,50,50
T[T>G]G,50,50,50,50,50,50,50,50,50,50
T[T>G]T,50,50,50,50,50,50,50,50,50,50
