Mutation Types,PD4199a,PD4005a,PD3851a,PD4116a,PD4086a,PD4194a,PD4248a
A[C>A]A,58,74,31,128,31,28,64
A[C>A]C,36,66,34,138,19,24,43
A[C>A]G,13,12,9,15,8,6,7
A[C>A]T,37,64,21,142,23,13,35
A[C>G]A,23,56,13,102,18,8,25
A[C>G]C,19,34,15,71,14,5,18
A[C>G]G,2,16,8,22,0,1,4
A[C>G]T,26,79,11,103,22,8,31
A[C>T]A,38,61,41,127,28,24,56
A[C>T]C,30,49,17,63,18,19,21
A[C>T]G,121,108,75,79,57,81,75
A[C>T]T,40,78,20,94,23,11,22
A[T>A]A,12,25,14,95,17,11,24
A[T>A]C,29,36,19,62,19,14,21
A[T>A]G,22,32,21,60,14,9,19
A[T>A]T,27,34,26,97,21,14,51
A[T>C]A,28,72,27,135,37,27,60
A[T>C]C,22,34,19,67,18,10,21
A[T>C]G,37,61,20,96,40,15,34
A[T>C]T,32,89,45,113,50,19,39
A[T>G]A,6,16,11,33,13,3,9
A[T>G]C,7,7,5,23,6,1,6
A[T>G]G,3,38,5,46,11,2,10
A[T>G]T,2,32,9,41,11,7,22
C[C>A]A,37,66,24,163,30,14,42
C[C>A]C,27,77,19,159,17,10,21
C[C>A]G,8,5,6,28,2,4,7
C[C>A]T,27,46,27,124,22,7,29
C[C>G]A,20,56,11,79,9,5,10
C[C>G]C,14,49,6,70,6,3,15
C[C>G]G,4,14,4,22,6,5,6
C[C>G]T,36,67,9,98,16,16,18
C[C>T]A,81,60,41,109,19,34,42
C[C>T]C,41,41,17,80,24,26,44
C[C>T]G,97,65,64,69,49,46,44
C[C>T]T,69,86,34,146,36,25,36
C[T>A]A,8,26,5,80,10,3,25
C[T>A]C,21,41,12,85,13,6,16
C[T>A]G,14,45,11,86,13,4,21
C[T>A]T,13,54,22,97,12,7,18
C[T>C]A,16,37,10,67,12,9,18
C[T>C]C,21,42,15,80,3,11,24
C[T>C]G,20,39,17,64,21,8,31
C[T>C]T,16,49,12,87,20,12,17
C[T>G]A,2,18,3,32,6,4,12
C[T>G]C,7,15,9,20,5,4,11
C[T>G]G,15,47,8,53,11,5,11
C[T>G]T,11,30,17,62,16,5,21
G[C>A]A,40,41,36,86,18,14,27
G[C>A]C,27,40,15,103,13,12,21
G[C>A]G,9,5,4,10,3,8,10
G[C>A]T,34,40,19,90,17,7,20
G[C>G]A,16,25,6,61,11,8,9
G[C>G]C,15,26,10,72,11,7,6
G[C>G]G,4,9,2,10,3,4,4
G[C>G]T,22,52,7,88,19,4,18
G[C>T]A,60,58,24,79,18,32,40
G[C>T]C,47,45,24,62,18,26,28
G[C>T]G,90,56,58,60,40,51,49
G[C>T]T,52,53,19,93,21,19,40
G[T>A]A,7,24,9,51,10,5,9
G[T>A]C,15,21,6,46,9,9,5
G[T>A]G,14,26,8,47,6,5,9
G[T>A]T,11,35,13,78,8,11,13
G[T>C]A,23,38,13,70,17,8,28
G[T>C]C,15,22,8,45,11,9,20
G[T>C]G,9,29,13,50,15,16,16
G[T>C]T,26,31,14,68,17,13,39
G[T>G]A,6,20,5,28,3,1,11
G[T>G]C,4,18,4,26,7,5,6
G[T>G]G,17,37,15,54,12,4,19
G[T>G]T,10,34,14,39,7,4,14
T[C>A]A,181,160,38,163,36,25,61
T[C>A]C,81,111,30,123,38,24,30
T[C>A]G,15,9,4,10,6,2,7
T[C>A]T,112,152,33,155,32,21,53
T[C>G]A,758,437,14,277,141,67,48
T[C>G]C,206,141,17,128,52,28,18
T[C>G]G,25,21,6,24,11,2,9
T[C>G]T,937,639,28,393,167,68,69
T[C>T]A,1346,470,56,254,156,89,101
T[C>T]C,313,143,45,113,48,39,67
T[C>T]G,219,58,45,55,36,43,41
T[C>T]T,678,298,44,211,92,49,60
T[T>A]A,25,34,21,97,24,14,37
T[T>A]C,13,27,9,60,11,11,9
T[T>A]G,11,17,13,39,7,5,8
T[T>A]T,16,54,19,117,16,16,30
T[T>C]A,16,47,21,67,15,9,24
T[T>C]C,31,40,6,60,12,12,20
T[T>C]G,14,25,12,46,13,4,20
T[T>C]T,26,55,16,64,19,15,40
T[T>G]A,5,29,6,43,12,3,14
T[T>G]C,6,20,5,37,6,4,14
T[T>G]G,8,33,8,69,12,9,11
T[T>G]T,22,51,21,93,27,10,28
