Mutation Types,PD4199a,PD4005a,PD3851a
A[C>A]A,58,74,31
A[C>A]C,36,66,34
A[C>A]G,13,12,9
A[C>A]T,37,64,21
A[C>G]A,23,56,13
A[C>G]C,19,34,15
A[C>G]G,2,16,8
A[C>G]T,26,79,11
A[C>T]A,38,61,41
A[C>T]C,30,49,17
A[C>T]G,121,108,75
A[C>T]T,40,78,20
A[T>A]A,12,25,14
A[T>A]C,29,36,19
A[T>A]G,22,32,21
A[T>A]T,27,34,26
A[T>C]A,28,72,27
A[T>C]C,22,34,19
A[T>C]G,37,61,20
A[T>C]T,32,89,45
A[T>G]A,6,16,11
A[T>G]C,7,7,5
A[T>G]G,3,38,5
A[T>G]T,2,32,9
C[C>A]A,37,66,24
C[C>A]C,27,77,19
C[C>A]G,8,5,6
C[C>A]T,27,46,27
C[C>G]A,20,56,11
C[C>G]C,14,49,6
C[C>G]G,4,14,4
C[C>G]T,36,67,9
C[C>T]A,81,60,41
C[C>T]C,41,41,17
C[C>T]G,97,65,64
C[C>T]T,69,86,34
C[T>A]A,8,26,5
C[T>A]C,21,41,12
C[T>A]G,14,45,11
C[T>A]T,13,54,22
C[T>C]A,16,37,10
C[T>C]C,21,42,15
C[T>C]G,20,39,17
C[T>C]T,16,49,12
C[T>G]A,2,18,3
C[T>G]C,7,15,9
C[T>G]G,15,47,8
C[T>G]T,11,30,17
G[C>A]A,40,41,36
G[C>A]C,27,40,15
G[C>A]G,9,5,4
G[C>A]T,34,40,19
G[C>G]A,16,25,6
G[C>G]C,15,26,10
G[C>G]G,4,9,2
G[C>G]T,22,52,7
G[C>T]A,60,58,24
G[C>T]C,47,45,24
G[C>T]G,90,56,58
G[C>T]T,52,53,19
G[T>A]A,7,24,9
G[T>A]C,15,21,6
G[T>A]G,14,26,8
G[T>A]T,11,35,13
G[T>C]A,23,38,13
G[T>C]C,15,22,8
G[T>C]G,9,29,13
G[T>C]T,26,31,14
G[T>G]A,6,20,5
G[T>G]C,4,18,4
G[T>G]G,17,37,15
G[T>G]T,10,34,14
T[C>A]A,181,160,38
T[C>A]C,81,111,30
T[C>A]G,15,9,4
T[C>A]T,112,152,33
T[C>G]A,758,437,14
T[C>G]C,206,141,17
T[C>G]G,25,21,6
T[C>G]T,937,639,28
T[C>T]A,1346,470,56
T[C>T]C,313,143,45
T[C>T]G,219,58,45
T[C>T]T,678,298,44
T[T>A]A,25,34,21
T[T>A]C,13,27,9
T[T>A]G,11,17,13
T[T>A]T,16,54,19
T[T>C]A,16,47,21
T[T>C]C,31,40,6
T[T>C]G,14,25,12
T[T>C]T,26,55,16
T[T>G]A,5,29,6
T[T>G]C,6,20,5
T[T>G]G,8,33,8
T[T>G]T,22,51,21
