Mutation Types,PD4199a
A[C>A]A,58
A[C>A]C,36
A[C>A]G,13
A[C>A]T,37
A[C>G]A,23
A[C>G]C,19
A[C>G]G,2
A[C>G]T,26
A[C>T]A,38
A[C>T]C,30
A[C>T]G,121
A[C>T]T,40
A[T>A]A,12
A[T>A]C,29
A[T>A]G,22
A[T>A]T,27
A[T>C]A,28
A[T>C]C,22
A[T>C]G,37
A[T>C]T,32
A[T>G]A,6
A[T>G]C,7
A[T>G]G,3
A[T>G]T,2
C[C>A]A,37
C[C>A]C,27
C[C>A]G,8
C[C>A]T,27
C[C>G]A,20
C[C>G]C,14
C[C>G]G,4
C[C>G]T,36
C[C>T]A,81
C[C>T]C,41
C[C>T]G,97
C[C>T]T,69
C[T>A]A,8
C[T>A]C,21
C[T>A]G,14
C[T>A]T,13
C[T>C]A,16
C[T>C]C,21
C[T>C]G,20
C[T>C]T,16
C[T>G]A,2
C[T>G]C,7
C[T>G]G,15
C[T>G]T,11
G[C>A]A,40
G[C>A]C,27
G[C>A]G,9
G[C>A]T,34
G[C>G]A,16
G[C>G]C,15
G[C>G]G,4
G[C>G]T,22
G[C>T]A,60
G[C>T]C,47
G[C>T]G,90
G[C>T]T,52
G[T>A]A,7
G[T>A]C,15
G[T>A]G,14
G[T>A]T,11
G[T>C]A,23
G[T>C]C,15
G[T>C]G,9
G[T>C]T,26
G[T>G]A,6
G[T>G]C,4
G[T>G]G,17
G[T>G]T,10
T[C>A]A,181
T[C>A]C,81
T[C>A]G,15
T[C>A]T,112
T[C>G]A,758
T[C>G]C,206
T[C>G]G,25
T[C>G]T,937
T[C>T]A,1346
T[C>T]C,313
T[C>T]G,219
T[C>T]T,678
T[T>A]A,25
T[T>A]C,13
T[T>A]G,11
T[T>A]T,16
T[T>C]A,16
T[T>C]C,31
T[T>C]G,14
T[T>C]T,26
T[T>G]A,5
T[T>G]C,6
T[T>G]G,8
T[T>G]T,22
