Mutation Types,PD4109a,PD4103a,PD4115a,PD4085a,PD3890a,PD4006a,PD4088a
A[C>A]A,122,112,228,61,110,198,34
A[C>A]C,133,50,169,51,91,173,18
A[C>A]G,12,7,21,7,9,33,3
A[C>A]T,96,44,158,49,87,192,26
A[C>G]A,95,30,128,18,100,164,15
A[C>G]C,72,28,74,18,46,96,11
A[C>G]G,25,9,21,7,18,56,2
A[C>G]T,104,33,130,25,101,156,16
A[C>T]A,162,99,179,62,99,170,46
A[C>T]C,87,52,89,28,62,85,15
A[C>T]G,328,242,194,128,95,152,125
A[C>T]T,113,60,149,28,79,170,29
A[T>A]A,68,29,79,22,53,58,12
A[T>A]C,61,32,74,30,40,63,10
A[T>A]G,65,29,99,29,36,100,10
A[T>A]T,186,53,141,38,51,121,14
A[T>C]A,179,72,173,56,89,126,20
A[T>C]C,73,27,80,22,44,99,10
A[T>C]G,118,49,120,34,72,107,18
A[T>C]T,157,69,203,64,104,156,27
A[T>G]A,47,22,51,13,37,52,4
A[T>G]C,19,7,18,9,20,21,1
A[T>G]G,44,10,67,7,39,87,5
A[T>G]T,43,27,48,8,71,43,5
C[C>A]A,136,64,184,36,108,175,38
C[C>A]C,81,32,139,33,66,147,12
C[C>A]G,15,12,16,3,10,32,4
C[C>A]T,112,66,149,23,67,153,25
C[C>G]A,72,28,100,8,61,106,8
C[C>G]C,44,21,93,16,47,74,7
C[C>G]G,23,11,24,2,9,43,0
C[C>G]T,111,37,149,15,90,130,19
C[C>T]A,127,88,132,42,71,96,21
C[C>T]C,97,63,100,39,47,61,15
C[C>T]G,195,148,107,67,53,88,49
C[C>T]T,141,104,148,49,102,158,33
C[T>A]A,41,16,88,8,40,65,3
C[T>A]C,42,21,106,27,57,111,8
C[T>A]G,40,24,87,15,64,90,5
C[T>A]T,71,37,158,20,70,168,14
C[T>C]A,84,27,72,15,42,91,10
C[T>C]C,76,29,119,17,42,105,17
C[T>C]G,82,26,76,16,57,76,7
C[T>C]T,89,55,142,21,78,79,10
C[T>G]A,28,15,39,5,26,39,3
C[T>G]C,24,11,60,7,28,41,4
C[T>G]G,68,19,69,13,53,62,4
C[T>G]T,76,51,157,19,86,77,11
G[C>A]A,110,65,132,46,52,135,44
G[C>A]C,57,40,123,23,53,85,9
G[C>A]G,15,9,17,6,9,11,6
G[C>A]T,82,60,136,23,45,97,22
G[C>G]A,40,14,48,13,50,68,8
G[C>G]C,43,19,57,11,28,54,7
G[C>G]G,9,1,12,1,13,24,0
G[C>G]T,69,18,91,14,60,124,4
G[C>T]A,94,70,134,38,68,99,23
G[C>T]C,87,64,93,27,59,75,17
G[C>T]G,250,150,114,81,65,108,61
G[C>T]T,97,71,105,35,64,104,15
G[T>A]A,27,11,57,3,20,63,4
G[T>A]C,29,11,58,10,32,40,7
G[T>A]G,35,10,54,8,32,55,8
G[T>A]T,46,22,108,15,45,83,2
G[T>C]A,78,27,91,25,41,77,17
G[T>C]C,47,19,63,13,35,59,11
G[T>C]G,55,17,52,22,35,52,6
G[T>C]T,91,41,103,39,47,74,11
G[T>G]A,22,4,38,7,40,50,4
G[T>G]C,13,7,28,3,12,24,3
G[T>G]G,29,9,77,14,54,59,2
G[T>G]T,35,18,75,18,49,51,6
T[C>A]A,192,148,152,59,87,148,55
T[C>A]C,155,93,149,39,91,145,30
T[C>A]G,22,20,18,12,8,13,2
T[C>A]T,289,152,255,73,113,167,72
T[C>G]A,401,158,160,16,230,149,40
T[C>G]C,246,74,145,26,135,118,22
T[C>G]G,20,9,13,2,19,32,1
T[C>G]T,671,279,288,52,376,298,44
T[C>T]A,416,376,201,76,196,131,64
T[C>T]C,261,183,156,64,140,86,41
T[C>T]G,206,129,84,57,57,72,53
T[C>T]T,374,277,194,74,147,138,63
T[T>A]A,164,107,126,51,70,97,15
T[T>A]C,53,21,76,17,36,84,5
T[T>A]G,48,14,61,14,33,56,7
T[T>A]T,123,41,138,34,74,200,12
T[T>C]A,88,49,106,32,40,91,13
T[T>C]C,89,30,60,28,55,99,12
T[T>C]G,49,34,66,6,24,49,7
T[T>C]T,90,65,126,43,62,94,16
T[T>G]A,39,19,62,14,46,53,8
T[T>G]C,24,20,33,9,26,41,5
T[T>G]G,41,22,80,16,47,87,8
T[T>G]T,83,66,132,34,77,130,10
