Mutation Types,PD4120a,PD4198a,PD3904a,PD3945a,PD4107a,PD3905a,PD4192a
A[C>A]A,165,58,122,243,210,94,48
A[C>A]C,55,72,112,163,176,69,42
A[C>A]G,20,12,13,24,33,11,16
A[C>A]T,65,45,107,155,176,65,40
A[C>G]A,191,37,52,130,126,66,60
A[C>G]C,72,27,42,78,85,41,26
A[C>G]G,18,8,18,19,61,15,28
A[C>G]T,170,32,63,116,118,71,43
A[C>T]A,345,75,127,168,191,65,51
A[C>T]C,133,29,54,80,68,34,39
A[C>T]G,213,204,94,150,157,84,120
A[C>T]T,162,46,96,171,176,53,36
A[T>A]A,112,64,40,131,65,39,34
A[T>A]C,66,36,31,92,66,30,34
A[T>A]G,57,36,49,150,91,40,37
A[T>A]T,53,86,63,182,121,58,42
A[T>C]A,89,94,100,201,169,54,51
A[T>C]C,40,25,37,63,95,31,24
A[T>C]G,84,52,52,127,115,53,40
A[T>C]T,87,60,73,205,180,79,59
A[T>G]A,30,50,23,55,53,25,28
A[T>G]C,23,23,10,27,23,9,24
A[T>G]G,31,14,28,72,71,42,29
A[T>G]T,31,24,22,60,45,34,29
C[C>A]A,135,62,99,199,178,86,45
C[C>A]C,86,40,72,173,167,55,28
C[C>A]G,25,8,7,19,29,17,15
C[C>A]T,82,40,84,180,188,64,20
C[C>G]A,219,21,56,105,93,42,36
C[C>G]C,61,17,41,89,82,30,26
C[C>G]G,39,10,19,17,39,7,25
C[C>G]T,250,31,85,140,116,42,41
C[C>T]A,687,67,91,122,123,58,59
C[C>T]C,207,45,77,103,85,48,39
C[C>T]G,324,98,57,60,105,40,69
C[C>T]T,396,58,113,154,185,72,48
C[T>A]A,37,25,26,87,88,42,24
C[T>A]C,46,27,51,114,103,49,32
C[T>A]G,30,31,40,98,115,56,28
C[T>A]T,34,28,57,134,165,59,34
C[T>C]A,32,28,42,96,80,34,33
C[T>C]C,60,39,47,108,161,53,36
C[T>C]G,94,27,40,104,70,50,39
C[T>C]T,65,27,55,127,120,46,24
C[T>G]A,11,15,21,22,42,16,12
C[T>G]C,27,15,26,47,39,21,21
C[T>G]G,32,17,39,76,77,31,30
C[T>G]T,31,35,24,93,76,35,26
G[C>A]A,113,42,57,112,168,53,56
G[C>A]C,51,48,77,103,92,40,18
G[C>A]G,22,3,5,14,15,3,12
G[C>A]T,52,31,49,101,125,44,31
G[C>G]A,72,24,37,61,66,26,23
G[C>G]C,46,26,31,62,58,30,16
G[C>G]G,19,3,8,13,19,9,9
G[C>G]T,112,26,41,85,94,38,28
G[C>T]A,334,58,80,116,108,50,36
G[C>T]C,167,43,74,99,83,38,35
G[C>T]G,253,99,55,119,124,69,99
G[C>T]T,217,45,71,117,103,62,44
G[T>A]A,34,15,25,58,67,20,19
G[T>A]C,25,19,21,64,43,22,13
G[T>A]G,43,20,29,69,57,30,19
G[T>A]T,25,18,39,90,106,42,29
G[T>C]A,47,43,33,72,73,46,33
G[T>C]C,38,27,27,41,68,20,24
G[T>C]G,61,22,17,56,68,24,32
G[T>C]T,43,55,38,85,69,36,31
G[T>G]A,19,14,17,32,29,26,13
G[T>G]C,22,5,15,28,25,17,12
G[T>G]G,86,20,33,62,88,30,32
G[T>G]T,34,23,23,51,69,29,23
T[C>A]A,1885,96,118,257,168,78,55
T[C>A]C,763,65,95,159,130,63,54
T[C>A]G,114,14,12,18,25,7,10
T[C>A]T,1046,104,123,288,234,91,52
T[C>G]A,10531,105,153,184,140,155,157
T[C>G]C,2069,45,86,159,132,93,91
T[C>G]G,384,2,9,7,19,10,21
T[C>G]T,13187,134,244,382,264,238,236
T[C>T]A,18171,289,248,263,418,162,178
T[C>T]C,3561,119,165,166,237,73,67
T[C>T]G,1933,121,56,61,77,43,77
T[C>T]T,9261,190,219,234,369,119,111
T[T>A]A,67,104,59,130,94,28,42
T[T>A]C,29,28,34,99,69,35,8
T[T>A]G,29,17,36,49,55,30,18
T[T>A]T,52,58,78,165,184,64,32
T[T>C]A,49,66,40,114,81,42,26
T[T>C]C,53,65,30,78,104,38,29
T[T>C]G,36,24,30,49,63,19,17
T[T>C]T,61,55,49,98,116,51,35
T[T>G]A,30,21,25,53,64,24,19
T[T>G]C,19,12,20,50,56,16,25
T[T>G]G,30,26,30,85,71,33,40
T[T>G]T,73,43,50,121,107,56,62
